Email,Mobile_No,Movies_Booked,Password,__v,_id,first_Name,last_Name
cqc,14,,wdf,0,637a727273202cd8e5a292d9,wcwc,cc
cqc,1455,,wdf,0,637a735768b4be0b4190a987,wcwc,cc
cqc,14551244,,wdf,0,637a735768b4be0b4190a989,wcwc,cc
cqc,12345,,wdf,0,637a73883f6d907a38478e97,wcwc,cc
cqc,1234511,,wdf,0,637a76056ea3af0163e84927,wcwc,cc
wev,1244124124124,,adqd,0,637a779d6ea3af0163e84950,scw,wvv
wev,122,,adqd,0,637a788f6ea3af0163e84959,scw,wvv
casc,21,,qcc,0,637a790e6ea3af0163e8495d,scsc,scsc
wcwc,12441111,,123,0,637a79366ea3af0163e84962,cwc,cwc
qc,1,,xq,0,637a79626ea3af0163e84966,dwqwd,qc
qc,1211000,,xq,0,637a796f6ea3af0163e84969,dwqwd,qc
cqcw,555,,ev,0,637a79db6ea3af0163e8496f,azs,dq
124,33,,axcc,0,637a79fa6ea3af0163e84973,scqc,qcc
cqcw,44,,wc,0,637a7c316ea3af0163e849a4,qacxqc,cqc
qcqc,13,,qwc,0,637a7c686ea3af0163e849a9,cqc,qcc
cqc,33666,,cwc,0,637a7c8a6ea3af0163e849b0,xqc,cqcw
qc,124,,cwc,0,637a7cc16ea3af0163e849b6,qwxc,qc
xqx,11,,xcwx,0,637a7d456ea3af0163e849bc,xx,xq
qc,6,,vrv,0,637a80476ea3af0163e849e9,aa,wqd
qc,4353535,,cq,0,637a8ca49f23b9cbfa238ae0,aa,qc
jashgarala19@gmail.com,699,,123,0,637a8e069f23b9cbfa238b0c,Jash,Garala
jashgarala19@gmail.com,0,,123,0,637a8e8f8a45416e33821f32,Jash,Garala
a,55,,1,0,637a8f3c23725ed3d7b4fa2c,a,a
qcqc,12411,,qsc,0,637a8f91a3ac36ef5991101a,qxqx,qcq
qc,38,,wc,0,637a919ea3ac36ef59911022,qsc,qcq
qcq,12465775,,133,0,637a9275a3ac36ef59911031,xqc,qcq
w ,54,, q,0,637a9344a3ac36ef5991103d,wccw,w 
w ,22,,s ec,0,637a9373a3ac36ef59911045,w , w
wcq ,554545,,w,0,637a95c0a3ac36ef5991104e,aa,w  d
we,7,,wev,0,637a9812a3ac36ef59911093,wcwc,wevwv
wev,2356,,390,0,637a983ba3ac36ef5991109a,wve,wv
jashgarala19@gmail.com,8160472566,,123,0,637a9bcfcf6564798bcd531a,Jash,Garala
wv,345,,qc,0,637aa58aeb3c88405683827c,aa,wefc
jashgarala19@gmail.com,123456789,,123,0,637de33e1b939b6b5f8c53db,Jash,Garala
vedant@gmail.com,2222222222,[],123,0,6381807ebe71919627596cb4,Jash,Garala